ID,period_name,period_start_date
1,Period_1,1/4/2021
2,Period_2,1/5/2021
3,Period_3,1/6/2021
4,Period_4,1/7/2021
5,Period_5,1/8/2021
6,Period_6,1/9/2021
7,Period_7,1/10/2021
8,Period_8,1/11/2021
9,Period_9,1/12/2021
10,Period_10,1/13/2021
11,Period_11,1/14/2021
12,Period_12,1/15/2021
13,Period_13,1/16/2021
14,Period_14,1/17/2021
15,Period_15,1/18/2021
16,Period_16,1/19/2021
17,Period_17,1/20/2021
18,Period_18,1/21/2021
19,Period_19,1/22/2021
20,Period_20,1/23/2021
21,Period_21,1/24/2021
22,Period_22,1/25/2021
23,Period_23,1/26/2021
24,Period_24,1/27/2021
